uuid;id_pays_sir;libelle_pays_min;libelle_pays_maj;code_iso_3;nationalite;date_heure_creation;date_heure_modification;date_heure_archivage;archivage;personnel_creation;personnel_modification;personnel_archivage
01905ecb-f9b5-7fa7-bc92-8761a9e61b7d;99111;Bulgarie;BULGARIE;BGR;bulgare;2024-06-28 14:22:24+02;;;f;Administrateur;;
01905ecb-f9b6-7181-bf9b-811cb9fecbea;99115;Tchecoslovaquie;TCHECOSLOVAQUIE;;"";2024-06-28 14:22:24+02;;2024-06-28 14:22:24+02;t;Administrateur;;
01905ecb-f9b6-7181-bf9b-811cbbc5d31c;99118;Bosnie-Herzégovine;BOSNIE-HERZEGOVINE;BIH;bosniaque;2024-06-28 14:22:24+02;;;f;Administrateur;;
01905ecb-f9b7-7298-b914-ec943884db5d;99119;Croatie;CROATIE;HRV;croate;2024-06-28 14:22:24+02;;;f;Administrateur;;
01905ecb-f9b8-727a-a70e-ca00874fea43;99120;Monténégro;MONTENEGRO;MNE;monténégrine;2024-06-28 14:22:24+02;;;f;Administrateur;;
01905ecb-f9b8-727a-a70e-ca0088965e96;99120;Serbie-et-montenegro;SERBIE-ET-MONTENEGRO;;"";2024-06-28 14:22:24+02;;2024-06-28 14:22:24+02;t;Administrateur;;
01905ecb-f9b9-7c47-ac74-0f3418615216;99121;Serbie;SERBIE;SRB;serbe;2024-06-28 14:22:24+02;;;f;Administrateur;;
01905ecb-f9b9-7c47-ac74-0f341900da2b;99123;Russie;RUSSIE;RUS;russe;2024-06-28 14:22:24+02;;;f;Administrateur;;
01905ecb-f9ba-7a5b-9f39-6591ad54cc8e;99123;U.r.s.s.;U.R.S.S.;;"";2024-06-28 14:22:24+02;;2024-06-28 14:22:24+02;t;Administrateur;;
01905ecb-f9ba-7a5b-9f39-6591aeb6a5a3;99124;Turquie d'europe;TURQUIE D'EUROPE;;"";2024-06-28 14:22:24+02;;2024-06-28 14:22:24+02;t;Administrateur;;
01905ecb-f9bb-7dbc-9918-341083603b96;99125;Albanie;ALBANIE;ALB;albanaise;2024-06-28 14:22:24+02;;;f;Administrateur;;
01905ecb-f9bb-7dbc-9918-3410843ba465;99128;Saint-Marin;SAINT-MARIN;SMR;marinaise;2024-06-28 14:22:24+02;;;f;Administrateur;;
01905ecb-f9bc-76d7-a712-fbf17f63af11;99129;Vatican;VATICAN, ou SAINT-SIEGE;VAT;vaticane;2024-06-28 14:22:24+02;;;f;Administrateur;;
01905ecb-f9bc-76d7-a712-fbf1807c2b51;99130;Andorre;ANDORRE;AND;andorrane;2024-06-28 14:22:24+02;;;f;Administrateur;;
01905ecb-f9bd-7d34-9877-3d39ed5afd06;99132;Royaume-Uni;ROYAUME-UNI;GBR;britannique;2024-06-28 14:22:24+02;;;f;Administrateur;;
01905ecb-f9bd-7d34-9877-3d39edcf3899;99135;Hollande;HOLLANDE;;"";2024-06-28 14:22:24+02;;2024-06-28 14:22:24+02;t;Administrateur;;
01905ecb-f9be-7e50-a4c6-fef29985e2a0;99136;Irlande;IRLANDE, ou EIRE;IRL;irlandaise;2024-06-28 14:22:24+02;;;f;Administrateur;;
01905ecb-f9bf-7d0f-9ec2-0ba17b024bf2;99138;Monaco;MONACO;MCO;monégasque;2024-06-28 14:22:24+02;;;f;Administrateur;;
01905ecb-f9bf-7d0f-9ec2-0ba17c60cf2c;99140;Suisse;SUISSE;CHE;suisse;2024-06-28 14:22:24+02;;;f;Administrateur;;
01905ecb-f9c0-79a7-ad0f-e516f665691f;99141;Republique democratique allemande;REPUBLIQUE DEMOCRATIQUE ALLEMANDE;;"";2024-06-28 14:22:24+02;;2024-06-28 14:22:24+02;t;Administrateur;;
01905ecb-f9c0-79a7-ad0f-e516f7454199;99142;Republique federale d'allemagne;REPUBLIQUE FEDERALE D'ALLEMAGNE;;"";2024-06-28 14:22:24+02;;2024-06-28 14:22:24+02;t;Administrateur;;
01905ecb-f9c1-769a-b6ac-2739b7d02d13;99148;Biélorussie;BIELORUSSIE;BLR;biélorusse;2024-06-28 14:22:24+02;;;f;Administrateur;;
01905ecb-f9c1-769a-b6ac-2739b93eb37d;99151;Moldavie;MOLDAVIE;MDA;moldave;2024-06-28 14:22:24+02;;;f;Administrateur;;
01905ecb-f9c2-7b06-ae4f-488aefa3f8eb;99155;Ukraine;UKRAINE;UKR;ukrainienne;2024-06-28 14:22:24+02;;;f;Administrateur;;
01905ecb-f9c2-7b06-ae4f-488af1669cef;99157;Kosovo;KOSOVO;;kosovare;2024-06-28 14:22:24+02;;;f;Administrateur;;
01905ecb-f9c3-7735-9d59-d5cfeed07e66;99157;Serbie;SERBIE;;"";2024-06-28 14:22:24+02;;2024-06-28 14:22:24+02;t;Administrateur;;
01905ecb-f9c3-7735-9d59-d5cff07cc1f4;99201;Arabie saoudite;ARABIE SAOUDITE;SAU;saoudienne;2024-06-28 14:22:24+02;;;f;Administrateur;;
01905ecb-f9c4-74fd-aef2-ccebf09848b4;99202;Yemen (republique arabe du);YEMEN (REPUBLIQUE ARABE DU);;"";2024-06-28 14:22:24+02;;2024-06-28 14:22:24+02;t;Administrateur;;
01905ecb-f9c4-74fd-aef2-ccebf2e81399;99203;Irak;IRAQ;IRQ;irakienne;2024-06-28 14:22:24+02;;;f;Administrateur;;
01905ecb-f9c5-7f29-8db4-f57cac34a77e;99204;Iran;IRAN;IRN;iranienne;2024-06-28 14:22:24+02;;;f;Administrateur;;
01905ecb-f9c5-7f29-8db4-f57cac6b5612;99204;Perse;PERSE;;"";2024-06-28 14:22:24+02;;2024-06-28 14:22:24+02;t;Administrateur;;
01905ecb-f9c6-7e5e-979f-47f760082b8a;99205;Liban;LIBAN;LBN;libanaise;2024-06-28 14:22:24+02;;;f;Administrateur;;
01905ecb-f9c6-7e5e-979f-47f760e0990c;99206;Syrie;SYRIE;SYR;syrienne;2024-06-28 14:22:24+02;;;f;Administrateur;;
01905ecb-f9c6-7e5e-979f-47f761eab07b;99207;Israël;ISRAEL;ISR;israëlienne;2024-06-28 14:22:24+02;;;f;Administrateur;;
01905ecb-f9c7-7343-bc84-8e0ee1661aa7;99208;Turquie;TURQUIE;TUR;turque;2024-06-28 14:22:24+02;;;f;Administrateur;;
01905ecb-f9c8-7c83-9002-45c792ce82ef;99209;Siberie;SIBERIE;;"";2024-06-28 14:22:24+02;;2024-06-28 14:22:24+02;t;Administrateur;;
01905ecb-f9c8-7c83-9002-45c7949b135e;99210;Turkestan russe;TURKESTAN RUSSE;;"";2024-06-28 14:22:24+02;;2024-06-28 14:22:24+02;t;Administrateur;;
01905ecb-f9c8-7c83-9002-45c79646750b;99211;Kamtchatka;KAMTCHATKA;;"";2024-06-28 14:22:24+02;;2024-06-28 14:22:24+02;t;Administrateur;;
01905ecb-f9c9-77cc-b952-9d10aecd0bcd;99137;Luxembourg;LUXEMBOURG;LUX;luxembourgeoise;2024-06-28 14:22:24+02;;;f;Administrateur;;
01905ecb-f9c9-77cc-b952-9d10afe33ac1;99116;République tchèque;TCHEQUE (REPUBLIQUE);CZE;tchèque;2024-06-28 14:22:24+02;;;f;Administrateur;;
01905ecb-f9ca-7fe8-9225-4eb367f71367;99212;Afghanistan;AFGHANISTAN;AFG;afghane;2024-06-28 14:22:24+02;;;f;Administrateur;;
01905ecb-f9ca-7fe8-9225-4eb3696e748a;99213;Pakistan;PAKISTAN;PAK;pakistanaise;2024-06-28 14:22:24+02;;;f;Administrateur;;
01905ecb-f9ca-7fe8-9225-4eb36ab34086;99214;Bhoutan;BHOUTAN;BTN;bhoutanaise;2024-06-28 14:22:24+02;;;f;Administrateur;;
01905ecb-f9cb-7ed9-8316-ffeeca50dc4f;99215;Népal;NEPAL;NPL;népalaise;2024-06-28 14:22:24+02;;;f;Administrateur;;
01905ecb-f9cb-7ed9-8316-ffeecb94e36d;99216;Chine;CHINE;CHN;chinoise;2024-06-28 14:22:24+02;;;f;Administrateur;;
01905ecb-f9cc-7937-957f-d3ef15519f83;99217;Japon;JAPON;JPN;japonaise;2024-06-28 14:22:24+02;;;f;Administrateur;;
01905ecb-f9cc-7937-957f-d3ef16094352;99218;Mandchoukouo;MANDCHOUKOUO;;"";2024-06-28 14:22:24+02;;2024-06-28 14:22:24+02;t;Administrateur;;
01905ecb-f9cc-7937-957f-d3ef17110d23;99218;Mandchourie;MANDCHOURIE;;"";2024-06-28 14:22:24+02;;2024-06-28 14:22:24+02;t;Administrateur;;
01905ecb-f9cd-7a31-8e5b-2af69f29e797;99219;Thaïlande;THAILANDE;THA;thaïlandaise;2024-06-28 14:22:24+02;;;f;Administrateur;;
01905ecb-f9cd-7a31-8e5b-2af69ffa7bce;99219;Siam;SIAM;;"";2024-06-28 14:22:24+02;;2024-06-28 14:22:24+02;t;Administrateur;;
01905ecb-f9ce-7281-ba94-5c2829921b47;99220;Philippines;PHILIPPINES;PHL;philippine;2024-06-28 14:22:24+02;;;f;Administrateur;;
01905ecb-f9ce-7281-ba94-5c282a3bdfcf;99221;Possessions britanniques au proche-orient;POSSESSIONS BRITANNIQUES AU PROCHE-ORIENT;;"";2024-06-28 14:22:24+02;;2024-06-28 14:22:24+02;t;Administrateur;;
01905ecb-f9ce-7281-ba94-5c282c16cdb2;99222;Jordanie;JORDANIE;JOR;jordanienne;2024-06-28 14:22:24+02;;;f;Administrateur;;
01905ecb-f9cf-76bf-8ff6-463f1b966785;99222;Transjordanie;TRANSJORDANIE;;"";2024-06-28 14:22:24+02;;2024-06-28 14:22:24+02;t;Administrateur;;
01905ecb-f9cf-76bf-8ff6-463f1db7a0bc;99223;Inde;INDE;IND;indienne;2024-06-28 14:22:24+02;;;f;Administrateur;;
01905ecb-f9d0-7704-96e2-4a49318dbac3;99224;Birmanie;BIRMANIE;MMR;birmane;2024-06-28 14:22:24+02;;;f;Administrateur;;
01905ecb-f9d0-7704-96e2-4a493275cae5;99225;Brunei;BRUNEI;BRN;bruneienne;2024-06-28 14:22:24+02;;;f;Administrateur;;
01905ecb-f9d1-700d-8238-35648d886f42;99225;Borneo britannique;BORNEO BRITANNIQUE;;"";2024-06-28 14:22:24+02;;2024-06-28 14:22:24+02;t;Administrateur;;
01905ecb-f9d1-700d-8238-35648f3391f5;99226;Singapour;SINGAPOUR;SGP;singapourienne;2024-06-28 14:22:24+02;;;f;Administrateur;;
01905ecb-f9d2-7115-ac68-e60633edcdcc;99226;Etabls. des detroits;ETABLS. DES DETROITS;;"";2024-06-28 14:22:24+02;;2024-06-28 14:22:24+02;t;Administrateur;;
01905ecb-f9d2-7115-ac68-e60635634729;99227;Malaisie;MALAISIE;MYS;malaisienne;2024-06-28 14:22:24+02;;;f;Administrateur;;
01905ecb-f9d3-7991-b45b-f7672d1962d8;99228;Etats malais non federes;ETATS MALAIS NON FEDERES;;"";2024-06-28 14:22:24+02;;2024-06-28 14:22:24+02;t;Administrateur;;
01905ecb-f9d3-7991-b45b-f7672dc2347c;99315;Abyssinie;ABYSSINIE;;"";2024-06-28 14:22:24+02;;2024-06-28 14:22:24+02;t;Administrateur;;
01905ecb-f9d4-769b-97f0-d1be62615181;99229;Maldives;MALDIVES;MDV;maldivienne;2024-06-28 14:22:24+02;;;f;Administrateur;;
01905ecb-f9d4-769b-97f0-d1be63cb34cc;99229;Iles maldives;ILES MALDIVES;;"";2024-06-28 14:22:24+02;;2024-06-28 14:22:24+02;t;Administrateur;;
01905ecb-f9d5-70ee-95b5-83e3e602d274;99230;Hong-kong;HONG-KONG;;"";2024-06-28 14:22:24+02;;2024-06-28 14:22:24+02;t;Administrateur;;
01905ecb-f9d5-70ee-95b5-83e3e8ac2448;99231;Indonésie;INDONESIE;IDN;indonésienne;2024-06-28 14:22:24+02;;;f;Administrateur;;
01905ecb-f9d6-7334-878c-283b846c8dad;99231;Indes neer. et port.;INDES NEER. ET PORT.;;"";2024-06-28 14:22:24+02;;2024-06-28 14:22:24+02;t;Administrateur;;
01905ecb-f9d6-7334-878c-283b862d5129;99232;Macao;MACAO;;"";2024-06-28 14:22:24+02;;2024-06-28 14:22:24+02;t;Administrateur;;
01905ecb-f9d7-7c31-b99a-6e567f4a50c9;99233;Yemen democratique;YEMEN DEMOCRATIQUE;;"";2024-06-28 14:22:24+02;;2024-06-28 14:22:24+02;t;Administrateur;;
01905ecb-f9d7-7c31-b99a-6e56818fc8e6;99234;Cambodge;CAMBODGE;KHM;cambodgienne;2024-06-28 14:22:24+02;;;f;Administrateur;;
01905ecb-f9d8-7f68-be2a-a3714afe1c4a;99234;Kampuchea dem.;KAMPUCHEA DEM.;;"";2024-06-28 14:22:24+02;;2024-06-28 14:22:24+02;t;Administrateur;;
01905ecb-f9d8-7f68-be2a-a3714be4421e;99235;Sri Lanka;SRI LANKA;LKA;sri-lankaise;2024-06-28 14:22:24+02;;;f;Administrateur;;
01905ecb-f9d8-7f68-be2a-a3714cbefcd9;99235;Ceylan;CEYLAN;;"";2024-06-28 14:22:24+02;;2024-06-28 14:22:24+02;t;Administrateur;;
01905ecb-f9d9-7a7f-b16c-c15ae1195efe;99236;Formose;FORMOSE;;"";2024-06-28 14:22:24+02;;2024-06-28 14:22:24+02;t;Administrateur;;
01905ecb-f9d9-7a7f-b16c-c15ae273b07b;99237;Coree;COREE;;"";2024-06-28 14:22:24+02;;2024-06-28 14:22:24+02;t;Administrateur;;
01905ecb-f9da-7333-b18e-9a08a441d4eb;99238;Corée du Nord;COREE (REPUBLIQUE POPULAIRE DEMOCRATIQUE DE);PRK;nord-coréenne;2024-06-28 14:22:24+02;;;f;Administrateur;;
01905ecb-f9da-7333-b18e-9a08a554836b;99239;Corée du Sud;COREE (REPUBLIQUE DE);KOR;sud-coréenne;2024-06-28 14:22:24+02;;;f;Administrateur;;
01905ecb-f9da-7333-b18e-9a08a68752c7;99240;Koweit;KOWEIT;KWT;koweitienne;2024-06-28 14:22:24+02;;;f;Administrateur;;
01905ecb-f9db-7c06-b77e-e0194dbc2ccd;99241;Laos;LAOS;LAO;laotienne;2024-06-28 14:22:24+02;;;f;Administrateur;;
01905ecb-f9db-7c06-b77e-e0194f48dc54;99242;Mongolie;MONGOLIE;MNG;mongole;2024-06-28 14:22:24+02;;;f;Administrateur;;
01905ecb-f9dc-7f85-a01e-306906a38d6b;99242;Mongolie exterieure;MONGOLIE EXTERIEURE;;"";2024-06-28 14:22:24+02;;2024-06-28 14:22:24+02;t;Administrateur;;
01905ecb-f9dc-7f85-a01e-306907943818;99243;Vietnam;VIET NAM;VNM;vietnamienne;2024-06-28 14:22:24+02;;;f;Administrateur;;
01905ecb-f9dd-7ca6-be12-760381519bb1;99244;Tonkin, annam n.;TONKIN, ANNAM N.;;"";2024-06-28 14:22:24+02;;2024-06-28 14:22:24+02;t;Administrateur;;
01905ecb-f9dd-7ca6-be12-760382db84ca;99244;Viet nam du nord;VIET NAM DU NORD;;"";2024-06-28 14:22:24+02;;2024-06-28 14:22:24+02;t;Administrateur;;
01905ecb-f9de-7dff-b0ab-90a0ce3bdadc;99245;Annam s.,cochinchine;ANNAM S.,COCHINCHINE;;"";2024-06-28 14:22:24+02;;2024-06-28 14:22:24+02;t;Administrateur;;
01905ecb-f9de-7dff-b0ab-90a0d023afa1;99245;Viet nam du sud;VIET NAM DU SUD;;"";2024-06-28 14:22:24+02;;2024-06-28 14:22:24+02;t;Administrateur;;
01905ecb-f9df-7561-b2c5-b20192c74dbd;99246;Bangladesh;BANGLADESH;BGD;bangladaise;2024-06-28 14:22:24+02;;;f;Administrateur;;
01905ecb-f9df-7561-b2c5-b20193ca0784;99246;Pakistan oriental;PAKISTAN ORIENTAL;;"";2024-06-28 14:22:24+02;;2024-06-28 14:22:24+02;t;Administrateur;;
01905ecb-f9df-7561-b2c5-b20195043c94;99247;Émirats arabes unis;EMIRATS ARABES UNIS;ARE;émirienne;2024-06-28 14:22:24+02;;;f;Administrateur;;
01905ecb-f9e0-7443-b31e-397d3401587c;99248;Qatar;QATAR;QAT;qatarienne;2024-06-28 14:22:24+02;;;f;Administrateur;;
01905ecb-f9e0-7443-b31e-397d35a42e70;99249;Bahreïn;BAHREIN;BHR;bahreinienne;2024-06-28 14:22:24+02;;;f;Administrateur;;
01905ecb-f9e0-7443-b31e-397d366a6243;99250;Oman;OMAN;OMN;omanaise;2024-06-28 14:22:24+02;;;f;Administrateur;;
01905ecb-f9e1-79f9-bd1e-82f9dc7bc9f1;99250;Mascate-et-oman;MASCATE-ET-OMAN;;"";2024-06-28 14:22:24+02;;2024-06-28 14:22:24+02;t;Administrateur;;
01905ecb-f9e1-79f9-bd1e-82f9de27560d;99251;Yémen;YEMEN;YEM;yéménite;2024-06-28 14:22:24+02;;;f;Administrateur;;
01905ecb-f9e2-7493-b7ba-3cc7e3b4c5ee;99252;Arménie;ARMENIE;ARM;arménienne;2024-06-28 14:22:24+02;;;f;Administrateur;;
01905ecb-f9e2-7493-b7ba-3cc7e3f782e9;99253;Azerbaidjan;AZERBAIDJAN;AZE;azerbaïdjanaise;2024-06-28 14:22:24+02;;;f;Administrateur;;
01905ecb-f9e3-7c77-83bf-1ed763a8ad7d;99254;Chypre;CHYPRE;CYP;chypriote;2024-06-28 14:22:24+02;;;f;Administrateur;;
01905ecb-f9e3-7c77-83bf-1ed764628e2f;99255;Georgie;GEORGIE;GEO;georgienne;2024-06-28 14:22:24+02;;;f;Administrateur;;
01905ecb-f9e4-71af-b2b6-77401007ca08;99256;Kazakhstan;KAZAKHSTAN;KAZ;kazakhstanaise;2024-06-28 14:22:24+02;;;f;Administrateur;;
01905ecb-f9e4-71af-b2b6-774010f5fc23;99257;Kirghizistan;KIRGHIZISTAN;KGZ;kirghize;2024-06-28 14:22:24+02;;;f;Administrateur;;
01905ecb-f9e4-71af-b2b6-7740121d7183;99258;Ouzbekistan;OUZBEKISTAN;UZB;ouzbeke;2024-06-28 14:22:24+02;;;f;Administrateur;;
01905ecb-f9e5-7e93-9e54-a50ab4bfed5d;99259;Tadjikistan;TADJIKISTAN;TJK;tadjike;2024-06-28 14:22:24+02;;;f;Administrateur;;
01905ecb-f9e5-7e93-9e54-a50ab54730c1;99260;Turkménistan;TURKMENISTAN;TKM;turkmène;2024-06-28 14:22:24+02;;;f;Administrateur;;
01905ecb-f9e6-7695-b612-c2d6fd866aa2;99261;Palestine (territoire de);PALESTINE (Territoire de);;"";2024-06-28 14:22:24+02;;2024-06-28 14:22:24+02;t;Administrateur;;
01905ecb-f9e6-7695-b612-c2d6ff9f521d;99262;Timor oriental;TIMOR ORIENTAL;TLS;est-timoraise;2024-06-28 14:22:24+02;;;f;Administrateur;;
01905ecb-f9e6-7695-b612-c2d70082c140;99301;Egypte;EGYPTE;EGY;égyptienne;2024-06-28 14:22:24+02;;;f;Administrateur;;
01905ecb-f9e7-73fd-8e16-13b990fe3c3d;99302;Libéria;LIBERIA;LBR;libérienne;2024-06-28 14:22:24+02;;;f;Administrateur;;
01905ecb-f9e7-73fd-8e16-13b9925bd250;99303;Afrique du Sud;AFRIQUE DU SUD;ZAF;sud-africaine;2024-06-28 14:22:24+02;;;f;Administrateur;;
01905ecb-f9e8-7657-ab19-2e536c6c76eb;99303;Union sud-africaine;UNION SUD-AFRICAINE;;"";2024-06-28 14:22:24+02;;2024-06-28 14:22:24+02;t;Administrateur;;
01905ecb-f9e8-7657-ab19-2e536dbd1264;99304;Gambie;GAMBIE;GMB;gambienne;2024-06-28 14:22:24+02;;;f;Administrateur;;
01905ecb-f9e9-75a3-b7ed-6b57ae3ccc33;99305;Cameroun et togo;CAMEROUN ET TOGO;;"";2024-06-28 14:22:24+02;;2024-06-28 14:22:24+02;t;Administrateur;;
01905ecb-f9e9-75a3-b7ed-6b57b000c38c;99306;Sainte helene;SAINTE HELENE;;"";2024-06-28 14:22:24+02;;2024-06-28 14:22:24+02;t;Administrateur;;
01905ecb-f9ea-7631-82e0-a261b112839c;99307;Soudan anglo-egyptien, kenya, ouganda;SOUDAN ANGLO-EGYPTIEN, KENYA, OUGANDA;;"";2024-06-28 14:22:24+02;;2024-06-28 14:22:24+02;t;Administrateur;;
01905ecb-f9ea-7631-82e0-a261b2963aed;99308;Zanzibar;ZANZIBAR;;"";2024-06-28 14:22:24+02;;2024-06-28 14:22:24+02;t;Administrateur;;
01905ecb-f9eb-77b3-b5c7-75b7f19dcf58;99309;Tanzanie;TANZANIE;TZA;tanzanienne;2024-06-28 14:22:24+02;;;f;Administrateur;;
01905ecb-f9eb-77b3-b5c7-75b7f30d914c;99309;Tanganyika, zanzibar;TANGANYIKA, ZANZIBAR;;"";2024-06-28 14:22:24+02;;2024-06-28 14:22:24+02;t;Administrateur;;
01905ecb-f9ec-7c05-8598-310c98478cfb;99310;Zimbabwe;ZIMBABWE;ZWE;zimbabwéenne;2024-06-28 14:22:24+02;;;f;Administrateur;;
01905ecb-f9ec-7c05-8598-310c9870d9fc;99310;Rhodesie du sud;RHODESIE DU SUD;;"";2024-06-28 14:22:24+02;;2024-06-28 14:22:24+02;t;Administrateur;;
01905ecb-f9ed-79cf-959f-db4d932b3226;99311;Namibie;NAMIBIE;NAM;namibienne;2024-06-28 14:22:24+02;;;f;Administrateur;;
01905ecb-f9ed-79cf-959f-db4d93d4b409;99311;Sud-ouest africain;SUD-OUEST AFRICAIN;;"";2024-06-28 14:22:24+02;;2024-06-28 14:22:24+02;t;Administrateur;;
01905ecb-f9ee-7dd5-b24f-a11cb6d5aa4d;99312;République démocratique du Congo;CONGO (REPUBLIQUE DEMOCRATIQUE);COD;congolaise (R.D.);2024-06-28 14:22:24+02;;;f;Administrateur;;
01905ecb-f9ee-7dd5-b24f-a11cb898b2d4;99312;Zaire;ZAIRE;;"";2024-06-28 14:22:24+02;;2024-06-28 14:22:24+02;t;Administrateur;;
01905ecb-f9ef-76e0-84e3-1e3dc690ab09;99314;Guinée équatoriale;GUINEE EQUATORIALE;GNQ;équato-guinéenne;2024-06-28 14:22:24+02;;;f;Administrateur;;
01905ecb-f9ef-76e0-84e3-1e3dc7b4796e;99314;Guinee espagnole;GUINEE ESPAGNOLE;;"";2024-06-28 14:22:24+02;;2024-06-28 14:22:24+02;t;Administrateur;;
01905ecb-f9f0-73bc-9b26-ae3acccb98ef;99315;Éthiopie;ETHIOPIE;ETH;éthiopienne;2024-06-28 14:22:24+02;;;f;Administrateur;;
01905ecb-f9f0-73bc-9b26-ae3acdb90daf;99316;Libye;LIBYE;LBY;libyenne;2024-06-28 14:22:24+02;;;f;Administrateur;;
01905ecb-f9f1-7fcd-90c1-8666ca0da63e;99316;Cyrenaique;CYRENAIQUE;;"";2024-06-28 14:22:24+02;;2024-06-28 14:22:24+02;t;Administrateur;;
01905ecb-f9f1-7fcd-90c1-8666cb79d4ad;99317;Erythrée;ERYTHREE;ERI;érythréenne;2024-06-28 14:22:24+02;;;f;Administrateur;;
01905ecb-f9f2-7d52-ab50-8e676b1f89a4;99318;Somalie;SOMALIE;SOM;somalienne;2024-06-28 14:22:24+02;;;f;Administrateur;;
01905ecb-fa13-75cd-ac20-7e31ed005eac;99409;Guatemala;GUATEMALA;GTM;guatémaltèque;2024-06-28 14:22:24+02;;;f;Administrateur;;
01905ecb-f9f2-7d52-ab50-8e676bd1873f;99320;Iles portugaises de l'ocean indien;ILES PORTUGAISES DE L'OCEAN INDIEN;;"";2024-06-28 14:22:24+02;;2024-06-28 14:22:24+02;t;Administrateur;;
01905ecb-f9f2-7d52-ab50-8e676d2ed9a5;99321;Burundi;BURUNDI;BDI;burundaise;2024-06-28 14:22:24+02;;;f;Administrateur;;
01905ecb-f9f3-7792-8cc6-d03ba2e1fcf5;99321;Urundi;URUNDI;;"";2024-06-28 14:22:24+02;;2024-06-28 14:22:24+02;t;Administrateur;;
01905ecb-f9f3-7792-8cc6-d03ba3e421d0;99322;Cameroun;CAMEROUN;CMR;camerounaise;2024-06-28 14:22:24+02;;;f;Administrateur;;
01905ecb-f9f4-7d9e-8bfd-45cd6befc601;99323;République centrafricaine;CENTRAFRICAINE (REPUBLIQUE);CAF;centrafricaine;2024-06-28 14:22:24+02;;;f;Administrateur;;
01905ecb-f9f5-7a9f-8bc5-a64346fb058d;99323;Oubangui-chari;OUBANGUI-CHARI;;"";2024-06-28 14:22:24+02;;2024-06-28 14:22:24+02;t;Administrateur;;
01905ecb-f9f5-7a9f-8bc5-a64348ba0bd4;99324;Congo;CONGO;COG;congolaise;2024-06-28 14:22:24+02;;;f;Administrateur;;
01905ecb-f9f6-73b3-bbc2-9ca77100c90c;99324;Congo-brazzaville;CONGO-BRAZZAVILLE;;"";2024-06-28 14:22:24+02;;2024-06-28 14:22:24+02;t;Administrateur;;
01905ecb-f9f6-73b3-bbc2-9ca772feaacd;99325;Tanger;TANGER;;"";2024-06-28 14:22:24+02;;2024-06-28 14:22:24+02;t;Administrateur;;
01905ecb-f9f7-7638-bbef-a84f5f0f028f;99326;Côte d'Ivoire;COTE D'IVOIRE;CIV;ivoirienne;2024-06-28 14:22:24+02;;;f;Administrateur;;
01905ecb-f9f7-7638-bbef-a84f5fbdbea0;99327;Bénin;BENIN;BEN;béninoise;2024-06-28 14:22:24+02;;;f;Administrateur;;
01905ecb-f9f7-7638-bbef-a84f612e6e50;99327;Dahomey;DAHOMEY;;"";2024-06-28 14:22:24+02;;2024-06-28 14:22:24+02;t;Administrateur;;
01905ecb-f9f8-751a-9f3f-cfe4a96b2c0f;99328;Gabon;GABON;GAB;gabonaise;2024-06-28 14:22:24+02;;;f;Administrateur;;
01905ecb-f9f8-751a-9f3f-cfe4aab748e9;99329;Ghana;GHANA;GHA;ghanéenne;2024-06-28 14:22:24+02;;;f;Administrateur;;
01905ecb-f9f9-76a1-9a26-4be5f4a28d84;99329;Cote-de-l'or;COTE-DE-L'OR;;"";2024-06-28 14:22:24+02;;2024-06-28 14:22:24+02;t;Administrateur;;
01905ecb-f9fa-72dc-a5a2-6c8bba6bb641;99330;Guinée;GUINEE;GIN;guinéenne;2024-06-28 14:22:24+02;;;f;Administrateur;;
01905ecb-f9fa-72dc-a5a2-6c8bbac8d51b;99330;Guinee francaise;GUINEE FRANCAISE;;"";2024-06-28 14:22:24+02;;2024-06-28 14:22:24+02;t;Administrateur;;
01905ecb-f9fb-749f-9fcd-1472245e192a;99331;Burkina-Faso;BURKINA;BFA;burkinabée;2024-06-28 14:22:24+02;;;f;Administrateur;;
01905ecb-f9fb-749f-9fcd-147224c77750;99331;Haute-volta;HAUTE-VOLTA;;"";2024-06-28 14:22:24+02;;2024-06-28 14:22:24+02;t;Administrateur;;
01905ecb-f9fc-75fc-b14a-bb54b78dad38;99332;Kenya;KENYA;KEN;kenyane;2024-06-28 14:22:24+02;;;f;Administrateur;;
01905ecb-f9fd-7f86-8e8e-60dc40919c32;99333;Madagascar;MADAGASCAR;MDG;malgache;2024-06-28 14:22:24+02;;;f;Administrateur;;
01905ecb-f9fd-7f86-8e8e-60dc41535de1;99334;Malawi;MALAWI;MWI;malawienne;2024-06-28 14:22:24+02;;;f;Administrateur;;
01905ecb-f9fe-70fa-b006-8027be7475e3;99334;Nyassaland;NYASSALAND;;"";2024-06-28 14:22:24+02;;2024-06-28 14:22:24+02;t;Administrateur;;
01905ecb-f9fe-70fa-b006-8027bf1c65fb;99335;Mali;MALI;MLI;malienne;2024-06-28 14:22:24+02;;;f;Administrateur;;
01905ecb-f9fe-70fa-b006-8027c010b277;99335;Soudan francais;SOUDAN FRANCAIS;;"";2024-06-28 14:22:24+02;;2024-06-28 14:22:24+02;t;Administrateur;;
01905ecb-f9ff-770f-a6b1-87361fa5f76f;99336;Mauritanie;MAURITANIE;MRT;mauritanienne;2024-06-28 14:22:24+02;;;f;Administrateur;;
01905ecb-f9ff-770f-a6b1-873620bb8930;99337;Niger;NIGER;NER;nigérienne;2024-06-28 14:22:24+02;;;f;Administrateur;;
01905ecb-f9ff-770f-a6b1-8736223dff31;99338;Nigéria;NIGERIA;NGA;nigériane;2024-06-28 14:22:24+02;;;f;Administrateur;;
01905ecb-fa00-74c5-aec0-ef3d4ca556ce;99339;Ouganda;OUGANDA;UGA;ougandaise;2024-06-28 14:22:24+02;;;f;Administrateur;;
01905ecb-fa00-74c5-aec0-ef3d4d942caa;99340;Rwanda;RWANDA;RWA;rwandaise;2024-06-28 14:22:24+02;;;f;Administrateur;;
01905ecb-fa01-7033-9f65-c18d8da6314c;99340;Ruanda;RUANDA;;"";2024-06-28 14:22:24+02;;2024-06-28 14:22:24+02;t;Administrateur;;
01905ecb-fa01-7033-9f65-c18d8fb29d35;99341;Sénégal;SENEGAL;SEN;sénégalaise;2024-06-28 14:22:24+02;;;f;Administrateur;;
01905ecb-fa02-7aae-aa7b-a6c8c9d2d908;99342;Sierra Leone;SIERRA LEONE;SLE;sierra-léonaise;2024-06-28 14:22:24+02;;;f;Administrateur;;
01905ecb-fa02-7aae-aa7b-a6c8ca90b8fd;99343;Soudan;SOUDAN;SDN;soudanaise;2024-06-28 14:22:24+02;;;f;Administrateur;;
01905ecb-fa03-7749-924e-322acd61bfa5;99343;Anglo-egyptien;ANGLO-EGYPTIEN;;"";2024-06-28 14:22:24+02;;2024-06-28 14:22:24+02;t;Administrateur;;
01905ecb-fa03-7749-924e-322acfda45af;99344;Tchad;TCHAD;TCD;tchadienne;2024-06-28 14:22:24+02;;;f;Administrateur;;
01905ecb-fa04-7781-8b1e-9ad084b1d91f;99345;Togo;TOGO;TGO;togolaise;2024-06-28 14:22:24+02;;;f;Administrateur;;
01905ecb-fa04-7781-8b1e-9ad085ea22f1;99346;Zambie;ZAMBIE;ZMB;zambienne;2024-06-28 14:22:24+02;;;f;Administrateur;;
01905ecb-fa05-7e8a-a235-e6c125dd30f1;99346;Rhodesie du nord;RHODESIE DU NORD;;"";2024-06-28 14:22:24+02;;2024-06-28 14:22:24+02;t;Administrateur;;
01905ecb-fa05-7e8a-a235-e6c12767226f;99347;Botswana;BOTSWANA;BWA;botswanaise;2024-06-28 14:22:24+02;;;f;Administrateur;;
01905ecb-fa05-7e8a-a235-e6c128419652;99347;Bechuanaland;BECHUANALAND;;"";2024-06-28 14:22:24+02;;2024-06-28 14:22:24+02;t;Administrateur;;
01905ecb-fa06-7099-8bfe-5e474eb98350;99348;Lesotho;LESOTHO;LSO;lésothienne;2024-06-28 14:22:24+02;;;f;Administrateur;;
01905ecb-fa07-768b-8f95-742b5e0048a7;99348;Basutoland;BASUTOLAND;;"";2024-06-28 14:22:24+02;;2024-06-28 14:22:24+02;t;Administrateur;;
01905ecb-fa07-768b-8f95-742b5e87d295;99349;Soudan du Sud;SOUDAN DU SUD;SSD;sud-soudanaise;2024-06-28 14:22:24+02;;;f;Administrateur;;
01905ecb-fa07-768b-8f95-742b5eff38f1;99350;Maroc;MAROC;MAR;marocaine;2024-06-28 14:22:24+02;;;f;Administrateur;;
01905ecb-fa08-7601-8118-46802722c74f;99351;Tunisie;TUNISIE;TUN;tunisienne;2024-06-28 14:22:24+02;;;f;Administrateur;;
01905ecb-fa08-7601-8118-468027c4d269;99352;Algérie;ALGERIE;DZA;algérienne;2024-06-28 14:22:24+02;;;f;Administrateur;;
01905ecb-fa09-70ba-9e8c-2ab48f7a06b8;99390;Maurice;MAURICE;MUS;mauricienne;2024-06-28 14:22:24+02;;;f;Administrateur;;
01905ecb-fa0a-7606-93f8-3a5d3d01880d;99392;Guinée-Bissau;GUINEE-BISSAU;GNB;bissao-guinéenne;2024-06-28 14:22:24+02;;;f;Administrateur;;
01905ecb-fa0a-7606-93f8-3a5d3dbbcde5;99392;Guinee portugaise;GUINEE PORTUGAISE;;"";2024-06-28 14:22:24+02;;2024-06-28 14:22:24+02;t;Administrateur;;
01905ecb-fa0b-7e8d-84ba-c8cd7c474083;99393;Mozambique;MOZAMBIQUE;MOZ;mozambicaine;2024-06-28 14:22:24+02;;;f;Administrateur;;
01905ecb-fa0b-7e8d-84ba-c8cd7d9b054c;99394;Sao Tomé-et-Principe;SAO TOME-ET-PRINCIPE;STP;santoméenne;2024-06-28 14:22:24+02;;;f;Administrateur;;
01905ecb-fa0b-7e8d-84ba-c8cd7e7e6110;99395;Angola;ANGOLA;AGO;angolaise;2024-06-28 14:22:24+02;;;f;Administrateur;;
01905ecb-fa0c-7a7c-9621-ecf1720f1b29;99396;Cap-Vert;CAP-VERT;CPV;cap-verdienne;2024-06-28 14:22:24+02;;;f;Administrateur;;
01905ecb-fa0c-7a7c-9621-ecf173c14bc8;99397;Comores;COMORES;COM;comorienne;2024-06-28 14:22:24+02;;;f;Administrateur;;
01905ecb-fa0d-7b7e-8d8e-266c29193833;99398;Seychelles;SEYCHELLES;SYC;seychelloise;2024-06-28 14:22:24+02;;;f;Administrateur;;
01905ecb-fa0d-7b7e-8d8e-266c29cc8af8;99399;Djibouti;DJIBOUTI;DJI;djiboutienne;2024-06-28 14:22:24+02;;;f;Administrateur;;
01905ecb-fa0e-76ca-aa4e-93fc91401ecc;99399;T.f. afars et issas;T.F. AFARS ET ISSAS;;"";2024-06-28 14:22:24+02;;2024-06-28 14:22:24+02;t;Administrateur;;
01905ecb-fa0e-76ca-aa4e-93fc92e10317;99401;Canada;CANADA;CAN;canadienne;2024-06-28 14:22:24+02;;;f;Administrateur;;
01905ecb-fa0e-76ca-aa4e-93fc93f7d31d;99402;Terre-neuve;TERRE-NEUVE;;"";2024-06-28 14:22:24+02;;2024-06-28 14:22:24+02;t;Administrateur;;
01905ecb-fa0f-7f93-ad64-ecccecff9f87;99403;Labrador;LABRADOR;;"";2024-06-28 14:22:24+02;;2024-06-28 14:22:24+02;t;Administrateur;;
01905ecb-fa10-7a67-ad9d-281d123ee144;99404;États-Unis;ETATS-UNIS;USA;américaine;2024-06-28 14:22:24+02;;;f;Administrateur;;
01905ecb-fa10-7a67-ad9d-281d12e6dcba;99405;Mexique;MEXIQUE;MEX;mexicaine;2024-06-28 14:22:24+02;;;f;Administrateur;;
01905ecb-fa11-7e07-a4eb-899c736a2027;99406;Costa Rica;COSTA RICA;CRI;costaricaine;2024-06-28 14:22:24+02;;;f;Administrateur;;
01905ecb-fa12-7121-8ba2-93b4fb870e2f;99407;Cuba;CUBA;CUB;cubaine;2024-06-28 14:22:24+02;;;f;Administrateur;;
01905ecb-fa12-7121-8ba2-93b4fc9623e9;99408;République dominicaine;DOMINICAINE (REPUBLIQUE);DOM;dominicaine;2024-06-28 14:22:24+02;;;f;Administrateur;;
01905ecb-fa13-75cd-ac20-7e31ec20db28;99408;Saint-domingue;SAINT-DOMINGUE;;"";2024-06-28 14:22:24+02;;2024-06-28 14:22:24+02;t;Administrateur;;
01905ecb-fa14-7891-b11a-eeb9689997c0;99410;Haïti;HAITI;HTI;haïtienne;2024-06-28 14:22:24+02;;;f;Administrateur;;
01905ecb-fa14-7891-b11a-eeb9691b2aab;99411;Honduras;HONDURAS;HND;hondurienne;2024-06-28 14:22:24+02;;;f;Administrateur;;
01905ecb-fa14-7891-b11a-eeb96a548746;99412;Nicaragua;NICARAGUA;NIC;nicaraguayenne;2024-06-28 14:22:24+02;;;f;Administrateur;;
01905ecb-fa15-7023-ac55-193d1fdfb5a2;99413;Panama;PANAMA;PAN;panaméenne;2024-06-28 14:22:24+02;;;f;Administrateur;;
01905ecb-fa15-7023-ac55-193d2062b5a5;99414;Salvador;EL SALVADOR;SLV;salvadorienne;2024-06-28 14:22:24+02;;;f;Administrateur;;
01905ecb-fa16-7b9e-8bad-bc7c6cd038d7;99415;Argentine;ARGENTINE;ARG;argentine;2024-06-28 14:22:24+02;;;f;Administrateur;;
01905ecb-fa16-7b9e-8bad-bc7c6de12a1a;99416;Brésil;BRESIL;BRA;brésilienne;2024-06-28 14:22:24+02;;;f;Administrateur;;
01905ecb-fa17-7d4c-966e-0034c8d2b702;99417;Chili;CHILI;CHL;chilienne;2024-06-28 14:22:24+02;;;f;Administrateur;;
01905ecb-fa17-7d4c-966e-0034ca7d258d;99418;Bolivie;BOLIVIE;BOL;bolivienne;2024-06-28 14:22:24+02;;;f;Administrateur;;
01905ecb-fa18-7613-8f07-e3bfb2472a4c;99418;Republique de bolivie;REPUBLIQUE DE BOLIVIE;;"";2024-06-28 14:22:24+02;;2024-06-28 14:22:24+02;t;Administrateur;;
01905ecb-fa18-7613-8f07-e3bfb3837dfd;99419;Colombie;COLOMBIE;COL;colombienne;2024-06-28 14:22:24+02;;;f;Administrateur;;
01905ecb-fa19-7c63-b651-bc36d53a44ec;99420;Équateur;EQUATEUR;ECU;équatorienne;2024-06-28 14:22:24+02;;;f;Administrateur;;
01905ecb-fa19-7c63-b651-bc36d6972cb3;99421;Paraguay;PARAGUAY;PRY;paraguayenne;2024-06-28 14:22:24+02;;;f;Administrateur;;
01905ecb-fa19-7c63-b651-bc36d703e964;99422;Pérou;PEROU;PER;péruvienne;2024-06-28 14:22:24+02;;;f;Administrateur;;
01905ecb-fa1a-736a-8066-22b355810001;99423;Uruguay;URUGUAY;URY;uruguayenne;2024-06-28 14:22:24+02;;;f;Administrateur;;
01905ecb-fa1b-7d82-924e-eaeca35f89c6;99424;Venezuela;VENEZUELA;VEN;vénézuelienne;2024-06-28 14:22:24+02;;;f;Administrateur;;
01905ecb-fa1b-7d82-924e-eaeca45efe0e;99424;Republique du venezuela;REPUBLIQUE DU VENEZUELA;;"";2024-06-28 14:22:24+02;;2024-06-28 14:22:24+02;t;Administrateur;;
01905ecb-fa1c-7fa4-aa42-32d132755ce0;99426;Jamaïque;JAMAIQUE;JAM;jamaïcaine;2024-06-28 14:22:24+02;;;f;Administrateur;;
01905ecb-fa1c-7fa4-aa42-32d132f79449;99428;Guyana;GUYANA;GUY;guyanienne;2024-06-28 14:22:24+02;;;f;Administrateur;;
01905ecb-fa1d-7fdb-91bc-63f96a9c3f90;99428;Guyane britannique;GUYANE BRITANNIQUE;;"";2024-06-28 14:22:24+02;;2024-06-28 14:22:24+02;t;Administrateur;;
01905ecb-fa1e-7d39-8182-70ec5ac010f7;99429;Bélize;BELIZE;BLZ;bélizienne;2024-06-28 14:22:24+02;;;f;Administrateur;;
01905ecb-fa1e-7d39-8182-70ec5b8306e1;99429;Honduras britannique;HONDURAS BRITANNIQUE;;"";2024-06-28 14:22:24+02;;2024-06-28 14:22:24+02;t;Administrateur;;
01905ecb-fa1f-7059-8ef5-861efbe3233b;99431;Antilles neerlandaises;ANTILLES NEERLANDAISES;;"";2024-06-28 14:22:24+02;;2024-06-28 14:22:24+02;t;Administrateur;;
01905ecb-fa1f-7059-8ef5-861efd3d224d;99433;Trinité-et-Tobago;TRINITE-ET-TOBAGO;TTO;trinidadienne;2024-06-28 14:22:24+02;;;f;Administrateur;;
01905ecb-fa20-7311-94a3-397714d8938b;99434;Barbade;BARBADE;BRB;barbadienne;2024-06-28 14:22:24+02;;;f;Administrateur;;
01905ecb-fa20-7311-94a3-397715d99c1c;99435;Grenade;GRENADE;GRD;grenadienne;2024-06-28 14:22:24+02;;;f;Administrateur;;
01905ecb-fa21-7554-bded-0e940c33b5bb;99436;Bahamas;BAHAMAS;BHS;bahaméenne;2024-06-28 14:22:24+02;;;f;Administrateur;;
01905ecb-fa21-7554-bded-0e940d3a2270;99436;Iles  lucayes;ILES  LUCAYES;;"";2024-06-28 14:22:24+02;;2024-06-28 14:22:24+02;t;Administrateur;;
01905ecb-fa22-763c-b832-16c92a394129;99437;Suriname;SURINAME;SUR;surinamaise;2024-06-28 14:22:24+02;;;f;Administrateur;;
01905ecb-fa23-7bf5-b200-a8f4f47db4c0;99437;Guyane neerlandaise;GUYANE NEERLANDAISE;;"";2024-06-28 14:22:24+02;;2024-06-28 14:22:24+02;t;Administrateur;;
01905ecb-fa23-7bf5-b200-a8f4f6629c37;99438;Dominique;DOMINIQUE;DMA;dominiquaise;2024-06-28 14:22:24+02;;;f;Administrateur;;
01905ecb-fa24-7f4d-bd4d-8f31f66da1c5;99439;Sainte-Lucie;SAINTE-LUCIE;LCA;lucienne;2024-06-28 14:22:24+02;;;f;Administrateur;;
01905ecb-fa25-7205-a7b0-663723649517;99440;Saint-Vincent-et-les-Grenadines;SAINT-VINCENT-ET-LES GRENADINES;VCT;vincentaise;2024-06-28 14:22:24+02;;;f;Administrateur;;
01905ecb-fa25-7205-a7b0-663723fc06a9;99441;Antigua-et-Barbuda;ANTIGUA-ET-BARBUDA;ATG;antiguayenne;2024-06-28 14:22:24+02;;;f;Administrateur;;
01905ecb-fa26-7320-a51c-d69a193b6b70;99442;Saint-Christophe-et-Niévès;SAINT-CHRISTOPHE-ET-NIEVES;KNA;kittitienne-et-névicienne;2024-06-28 14:22:24+02;;;f;Administrateur;;
01905ecb-fa27-7e25-be5a-d76d1ea4e65d;99443;Pays-Bas caribéens;BONAIRE, SAINT EUSTACHE ET SABA;BES;néerlandaise;2024-06-28 14:22:24+02;;;f;Administrateur;;
01905ecb-fa27-7e25-be5a-d76d200c105b;99501;Australie;AUSTRALIE;AUS;australienne;2024-06-28 14:22:24+02;;;f;Administrateur;;
01905ecb-fa28-796c-a063-285221970549;99502;Nouvelle-Zélande;NOUVELLE-ZELANDE;NZL;néo-zélandaise;2024-06-28 14:22:24+02;;;f;Administrateur;;
01905ecb-fa28-796c-a063-2852220ae875;99504;Hawaii (iles);HAWAII (ILES);;"";2024-06-28 14:22:24+02;;2024-06-28 14:22:24+02;t;Administrateur;;
01905ecb-fa29-793e-9c4e-82244eb6c7ee;99391;Swaziland;SWAZILAND;;"";2024-06-28 14:22:24+02;;2024-06-28 14:22:24+02;t;Administrateur;;
01905ecb-fa29-793e-9c4e-822450249805;99506;Samoa;SAMOA OCCIDENTALES;WSM;samoane;2024-06-28 14:22:24+02;;;f;Administrateur;;
01905ecb-fa2a-70e2-b058-115e7dd44bc6;99507;Nauru;NAURU;NRU;nauruane;2024-06-28 14:22:24+02;;;f;Administrateur;;
01905ecb-fa2a-70e2-b058-115e7edf85fc;99508;Fidji;FIDJI;FJI;fidjienne;2024-06-28 14:22:24+02;;;f;Administrateur;;
01905ecb-fa2b-7ab7-85c7-dcdea4dffc6e;99509;Tonga;TONGA;TON;tonguienne;2024-06-28 14:22:24+02;;;f;Administrateur;;
01905ecb-fa2b-7ab7-85c7-dcdea60221bc;99510;Papouasie-Nouvelle-Guinée;PAPOUASIE-NOUVELLE-GUINEE;PNG;papouasienne;2024-06-28 14:22:24+02;;;f;Administrateur;;
01905ecb-fa2c-72ca-8836-72385956df24;99511;Tuvalu;TUVALU;TUV;tuvaluane;2024-06-28 14:22:24+02;;;f;Administrateur;;
01905ecb-fa2c-72ca-8836-72385a2cccdb;99511;Iles ellice;ILES ELLICE;;"";2024-06-28 14:22:24+02;;2024-06-28 14:22:24+02;t;Administrateur;;
01905ecb-fa2d-7a6c-8a9c-3a0f186d85e2;99512;Salomon;SALOMON (ILES);SLB;salomonaise;2024-06-28 14:22:24+02;;;f;Administrateur;;
01905ecb-fa2e-704d-87ff-2c5e37f3591e;99512;Iles salomon du sud;ILES SALOMON DU SUD;;"";2024-06-28 14:22:24+02;;2024-06-28 14:22:24+02;t;Administrateur;;
01905ecb-fa2e-704d-87ff-2c5e38f776b7;99513;Kiribati;KIRIBATI;KIR;kiribatienne;2024-06-28 14:22:24+02;;;f;Administrateur;;
01905ecb-fa2f-79ca-be97-0dee8524e71f;99513;Iles gilbert;ILES GILBERT;;"";2024-06-28 14:22:24+02;;2024-06-28 14:22:24+02;t;Administrateur;;
01905ecb-fa2f-79ca-be97-0dee862a25ad;99514;Vanuatu;VANUATU;VUT;vanuataise;2024-06-28 14:22:24+02;;;f;Administrateur;;
01905ecb-fa30-7793-b2d5-835cb4d45c7e;99514;Nouvelles-hebrides;NOUVELLES-HEBRIDES;;"";2024-06-28 14:22:24+02;;2024-06-28 14:22:24+02;t;Administrateur;;
01905ecb-fa30-7793-b2d5-835cb575950e;99515;Iles Marshall;MARSHALL (ILES);MHL;marshallaise;2024-06-28 14:22:24+02;;;f;Administrateur;;
01905ecb-fa31-7b4a-9f30-341b93c1aa73;99516;Micronésie;MICRONESIE (ETATS FEDERES DE);FSM;micronésienne;2024-06-28 14:22:24+02;;;f;Administrateur;;
01905ecb-fa31-7b4a-9f30-341b942cf279;99517;Palaos;PALAOS (ILES);PLW;palaoise;2024-06-28 14:22:24+02;;;f;Administrateur;;
01905ecb-fa32-7d0b-95fc-b8b8ebdb0c68;99517;Belau;BELAU;;"";2024-06-28 14:22:24+02;;2024-06-28 14:22:24+02;t;Administrateur;;
01905ecb-fa32-7d0b-95fc-b8b8ed2a929d;99114;Roumanie;ROUMANIE;ROU;roumaine;2024-06-28 14:22:24+02;;;f;Administrateur;;
01905ecb-fa33-7ed5-844f-a1883f438787;99444;Curaçao;CURAÇAO;CUW;néerlandaise;2024-06-28 14:22:24+02;;;f;Administrateur;;
01905ecb-fa34-7b86-9c5d-27ec5a07778d;99445;Saint-martin (partie neerlandaise);SAINT-MARTIN (PARTIE NEERLANDAISE);SXM;néerlandaise;2024-06-28 14:22:24+02;;;f;Administrateur;;
01905ecb-fa34-7b86-9c5d-27ec5aff1748;99261;Palestine (etat de);PALESTINE (Etat de);PSE;palestinienne;2024-06-28 14:22:24+02;;;f;Administrateur;;
01905ecb-fa35-7a3a-8980-bd8eccb6f341;99391;Eswatini;ESWATINI;SWZ;swazie;2024-06-28 14:22:24+02;;;f;Administrateur;;
01905ecb-fa35-7a3a-8980-bd8ecde80874;99156;Macédoine du Nord;EX-REPUBLIQUE YOUGOSLAVE DE MACEDOINE;MKD;macédonienne;2024-06-28 14:22:24+02;;;f;Administrateur;;
01905ecb-fa36-7d9c-8d3e-784af008483e;99156;Macédoine;EX-REPUBLIQUE YOUGOSLAVE DE MACEDOINE;MKD;macédonienne;2024-06-28 14:22:24+02;;2024-06-28 14:22:24+02;t;Administrateur;;
01905ecb-fa37-731e-857f-1d8345ff0dc3;99998;Apatride;APATRIDE;;apatride;2024-06-28 14:22:24+02;;;f;Administrateur;;
01905ecb-fa37-731e-857f-1d83473a9941;99999;Indéterminée;INDETERMINEE;;indéterminée;2024-06-28 14:22:24+02;;;f;Administrateur;;
01905ecb-fa38-7029-b832-4864f58a7a53;99109;Allemagne;ALLEMAGNE;DEU;allemande;2024-06-28 14:22:24+02;;;f;Administrateur;;
01905ecb-fa39-70d2-b185-29b495a45d16;99122;Pologne;POLOGNE;POL;polonaise;2024-06-28 14:22:24+02;;;f;Administrateur;;
01905ecb-fa39-70d2-b185-29b49631b0de;99112;Hongrie;HONGRIE;HUN;hongroise;2024-06-28 14:22:24+02;;;f;Administrateur;;
01905ecb-fa3a-78dd-b6f6-70aaae22a0b1;99144;Malte;MALTE;MLT;maltaise;2024-06-28 14:22:24+02;;;f;Administrateur;;
01905ecb-fa3b-7086-b3e9-dbf5a7fb4469;99135;Pays-Bas;PAYS-BAS;NLD;néerlandaise;2024-06-28 14:22:24+02;;;f;Administrateur;;
01905ecb-fa3b-7086-b3e9-dbf5a9ca0175;99104;Suède;SUEDE;SWE;suédoise;2024-06-28 14:22:24+02;;;f;Administrateur;;
01905ecb-fa3c-7421-bec0-fa985c6a6188;99101;Danemark;DANEMARK;DNK;danoise;2024-06-28 14:22:24+02;;;f;Administrateur;;
01905ecb-fa3d-7eda-8bab-2161636e1d9b;99160;France;FRANCE;FRA;française;2024-06-28 14:22:24+02;;;f;Administrateur;;
01905ecb-fa3d-7eda-8bab-2161649ae118;99103;Norvège;NORVEGE;NOR;norvégienne;2024-06-28 14:22:24+02;;;f;Administrateur;;
01905ecb-fa3e-7bdd-a05f-8b153afe7259;99145;Slovénie;SLOVENIE;SVN;slovène;2024-06-28 14:22:24+02;;;f;Administrateur;;
01905ecb-fa3e-7bdd-a05f-8b153beaee1f;99105;Finlande;FINLANDE;FIN;finlandaise;2024-06-28 14:22:24+02;;;f;Administrateur;;
01905ecb-fa3f-78bf-916c-8ff20c8064dd;99117;Slovaquie;SLOVAQUIE;SVK;slovaque;2024-06-28 14:22:24+02;;;f;Administrateur;;
01905ecb-fa3f-78bf-916c-8ff20d569e15;99131;Belgique;BELGIQUE;BEL;belge;2024-06-28 14:22:24+02;;;f;Administrateur;;
01905ecb-fa40-775d-a75a-d1848661645c;99139;Portugal;PORTUGAL;PRT;portugaise;2024-06-28 14:22:24+02;;;f;Administrateur;;
01905ecb-fa41-7b66-ab42-5ba70390d122;99107;Lettonie;LETTONIE;LVA;lettone;2024-06-28 14:22:24+02;;;f;Administrateur;;
01905ecb-fa41-7b66-ab42-5ba70569953f;99113;Liechtenstein;LIECHTENSTEIN;LIE;liechtensteinoise;2024-06-28 14:22:24+02;;;f;Administrateur;;
01905ecb-fa42-7135-9521-03cdc2efd5b0;99108;Lituanie;LITUANIE;LTU;lituanienne;2024-06-28 14:22:24+02;;;f;Administrateur;;
01905ecb-fa43-7058-ab85-5ce025e478d6;99134;Espagne;ESPAGNE;ESP;espagnole;2024-06-28 14:22:24+02;;;f;Administrateur;;
01905ecb-fa44-7ae2-9427-92ba4e11cf01;99102;Islande;ISLANDE;ISL;islandaise;2024-06-28 14:22:24+02;;;f;Administrateur;;
01905ecb-fa44-7ae2-9427-92ba4ffd5ca8;99127;Italie;ITALIE;ITA;italienne;2024-06-28 14:22:24+02;;;f;Administrateur;;
01905ecb-fa45-7692-8ff3-86470eb95768;99126;Grèce;GRECE;GRC;grecque;2024-06-28 14:22:24+02;;;f;Administrateur;;
01905ecb-fa45-7692-8ff3-86470f3b40b1;99106;Estonie;ESTONIE;EST;estonienne;2024-06-28 14:22:24+02;;;f;Administrateur;;
01905ecb-fa46-7a55-b87d-1bdb985cca6b;99110;Autriche;AUTRICHE;AUT;autrichienne;2024-06-28 14:22:24+02;;;f;Administrateur;;
